SampleID,Horvath,Hannum,PhenoAge
TCGA.C8.A27B.01A.11D.A16A.05,51.01615985,59.92289454,58.86495381
TCGA.E9.A3Q9.01A.11D.A21R.05,90.68247023,95.13564345,77.42019144
TCGA.C8.A3M8.01A.11D.A212.05,72.55197544,81.47888271,131.1162884
TCGA.E9.A5FL.01A.11D.A27Y.05,52.94719551,57.19760808,51.46957561
TCGA.A2.A25F.01A.11D.A16A.05,65.44392784,76.2068717,48.47679149
TCGA.A1.A0SE.01A.11D.A10P.05,58.47551972,58.73450609,78.56549038
TCGA.A7.A425.01A.11D.A244.05,59.39694273,72.41922832,96.41318923
TCGA.E9.A1N8.01A.11D.A145.05,47.20675364,57.12817697,89.46904912
TCGA.D8.A1X8.01A.11D.A14N.05,41.54887461,71.65209926,94.70883987
TCGA.E2.A3DX.01A.21D.A212.05,50.61139443,59.97450487,39.56447896
TCGA.AN.A0XV.01A.11D.A10A.05,92.85407478,81.84427466,144.5534188
TCGA.5L.AAT0.01A.12D.A41Q.05,63.48231852,69.1732944,81.78729823
TCGA.E2.A105.01A.11D.A10N.05,62.99894033,86.51235005,119.0854372
TCGA.A2.A0YL.01A.21D.A10A.05,58.15540863,72.1366022,79.10155398
TCGA.AO.A126.01A.11D.A10N.05,49.97018388,54.70592822,77.26500518
TCGA.AC.A23C.01A.12D.A16A.05,81.21209455,68.24390387,85.12649506
TCGA.D8.A27V.01A.12D.A17F.05,47.77557296,81.07066223,80.16307565
TCGA.AC.A8OS.01A.12D.A41Q.05,65.62974692,76.04234383,87.02631636
TCGA.AR.A24P.01A.11D.A16A.05,85.32583657,76.32069214,97.19354639
TCGA.AC.A2QJ.01A.12D.A19Z.05,42.43487372,40.11295266,55.70108156
TCGA.E2.A1BC.01A.11D.A12R.05,68.34305011,75.03115837,74.27792815
TCGA.BH.A0BJ.01A.11D.A10P.05,49.33188811,58.13667274,47.18504764
TCGA.A7.A3J0.01A.11D.A212.05,75.26392047,66.25667473,95.31760313
TCGA.AO.A0JA.01A.11D.A10P.05,70.72914465,88.97276118,112.714825
TCGA.A2.A1FX.01A.11D.A13K.05,79.50074346,79.16043966,99.52351757
TCGA.E9.A1NH.01A.11D.A14H.05,65.63608795,65.03365057,90.64964118
TCGA.A7.A26I.01A.11D.A16A.05,37.85309898,32.58935863,56.15656861
TCGA.C8.A1HE.01A.11D.A13K.05,118.6684735,93.30885048,123.7406797
TCGA.AC.A3YJ.01A.11D.A230.05,82.2136362,88.63042523,71.78118959
TCGA.AC.A2FO.01A.11D.A17Z.05,53.02959205,64.73250857,64.17162534
TCGA.AR.A1AX.01A.11D.A12R.05,63.81472905,63.26135927,66.7031421
TCGA.EW.A1PB.01A.11D.A145.05,42.18377194,65.438976,63.23889391
TCGA.LL.A5YM.01A.11D.A28C.05,118.4668713,138.4568296,132.893069
TCGA.EW.A1J1.01A.11D.A13K.05,54.90495557,52.09831308,36.95482442
TCGA.EW.A1P6.01A.11D.A145.05,57.18746545,34.3372673,81.71150784
TCGA.AR.A1AM.01A.41D.A22B.05,55.04246436,62.96056653,61.33304125
TCGA.D8.A73W.01A.22D.A357.05,126.8405753,121.7194324,142.6941806
TCGA.AC.A3OD.01B.06D.A22R.05,91.94862005,94.56544828,109.428532
TCGA.D8.A1JH.01A.11D.A13K.05,68.97831704,59.18723993,78.25738466
TCGA.A2.A0SU.01A.11D.A10P.05,64.12674668,43.84450855,63.18567656
TCGA.E9.A1NI.01A.11D.A14H.05,48.71974918,77.0417312,84.53296366
TCGA.A2.A0YG.01A.21D.A10A.05,53.4350414,71.81349918,110.0988082
TCGA.E9.A1RF.01A.11D.A161.05,36.51171545,60.67506353,79.14373222
TCGA.B6.A0X4.01A.11D.A10A.05,64.47369257,84.46895233,37.40597108
TCGA.OL.A66L.01A.12D.A31V.05,98.98712443,98.56256811,147.8808457
TCGA.AO.A0JF.01A.11D.A10P.05,74.11147548,74.38102411,48.42681344
TCGA.LQ.A4E4.01A.11D.A268.05,47.40819363,64.08095314,62.82819426
TCGA.D8.A1JL.01A.11D.A13K.05,64.06240186,55.66092408,65.90864837
TCGA.EW.A2FV.01A.11D.A17F.05,55.12956986,67.1139418,34.4043136
TCGA.C8.A26V.01A.11D.A16G.05,77.63072792,87.80788126,134.1028758
TCGA.GM.A5PX.01A.12D.A28C.05,67.31093748,54.86925911,67.45061986
TCGA.LL.A73Y.01A.11D.A33F.05,56.48583189,43.23640047,49.13732956
TCGA.E2.A576.01A.11D.A31V.05,69.66395101,58.9275793,114.7963208
TCGA.E2.A1LG.01A.21D.A14N.05,53.53186293,40.12778417,46.77236693
TCGA.E2.A109.01A.11D.A10N.05,78.26395311,111.9427942,114.4445631
TCGA.E9.A1R0.01A.22D.A16G.05,62.47835532,84.4173334,78.25709942
TCGA.E2.A2P5.01A.11D.A19Z.05,81.40791012,72.13893476,110.6872983
TCGA.AR.A0TR.01A.11D.A10P.05,58.56090859,105.0335768,53.580071
TCGA.A7.A6VY.01A.12D.A33F.05,46.57938105,74.05248491,100.3835625
TCGA.A2.A0YF.01A.21D.A10A.05,67.44592814,97.3448968,100.7501403
TCGA.EW.A1J6.01A.11D.A13K.05,64.08093267,68.79439095,79.68876762
TCGA.E9.A1RG.01A.11D.A14H.05,64.91957838,69.25933382,72.76607861
TCGA.A7.A13D.01A.13D.A12R.05,39.41628472,59.91015615,85.23458858
TCGA.OL.A5DA.01A.11D.A27Y.05,84.068922,57.37074292,90.86194419
TCGA.A2.A04R.01A.41D.A10A.05,134.2795407,109.8829673,121.1928054
TCGA.EW.A1PE.01A.11D.A145.05,73.00415547,82.8123838,70.53416712
TCGA.EW.A1OW.01A.21D.A145.05,53.43305225,37.90832469,84.24295917
TCGA.AC.A2FM.01A.11D.A19Z.05,66.27364696,88.59447315,78.99089712
TCGA.E2.A1AZ.01A.11D.A12R.05,50.71696541,44.00780998,73.38129127
TCGA.BH.A1FJ.01A.11D.A13K.05,139.0875721,141.72346,172.5383235
TCGA.AR.A1AR.01A.31D.A138.05,63.12123859,68.47322097,111.7985877
TCGA.E2.A107.01A.11D.A10N.05,76.44389422,77.46733261,115.7407848
TCGA.S3.A6ZH.01A.22D.A32T.05,50.78888703,57.47677212,85.74903079
TCGA.A2.A1G4.01A.11D.A13K.05,157.0965113,117.4508897,165.4246505
TCGA.A2.A3XS.01A.11D.A230.05,40.18902763,60.19490861,55.84886916
TCGA.AQ.A1H2.01A.11D.A13K.05,65.48077203,67.02384982,92.85607098
TCGA.AC.A2QI.01A.12D.A19Z.05,59.17907958,91.61470533,80.8190518
TCGA.E9.A3QA.01A.61D.A22B.05,42.13949156,60.5828478,47.94120912
TCGA.GM.A2DA.01A.11D.A18O.05,69.08521834,65.28524223,61.78100876
TCGA.E9.A5FK.01A.11D.A27Y.05,78.45213902,79.57764985,59.64081347
TCGA.AN.A0XR.01A.11D.A10A.05,72.12739232,101.541287,138.7369404
TCGA.B6.A1KF.01A.11D.A13K.05,37.68861781,52.30835628,60.76256433
TCGA.AO.A12B.01A.11D.A10N.05,96.37434966,60.69839268,89.13404636
TCGA.D8.A1X5.01A.11D.A14H.05,95.21161917,105.3434476,124.9600982
TCGA.LL.A5YN.01A.11D.A28C.05,52.07919882,60.16740149,54.81735119
TCGA.A7.A56D.01A.11D.A27Y.05,62.43872137,85.20115969,85.8206923
TCGA.E9.A1ND.01A.11D.A145.05,49.46322932,66.45300553,84.26074489
TCGA.BH.A0DK.01A.21D.A10P.05,86.06296306,109.0272211,108.837479
TCGA.A7.A4SC.01A.12D.A268.05,95.77930559,112.3898986,136.3551268
TCGA.EW.A1IZ.01A.11D.A13K.05,60.60432557,60.26459008,68.04049964
TCGA.A2.A4RX.01A.11D.A268.05,59.89435786,47.62486026,55.10201256
TCGA.AO.A129.01A.21D.A10N.05,38.84107171,38.44544694,66.58098202
TCGA.OL.A5D7.01A.11D.A27Y.05,62.47300855,84.0910401,98.51894666
TCGA.BH.A0H6.01A.21D.A10P.05,65.56996156,58.47348403,76.92519654
TCGA.E9.A2JT.01A.22D.A18O.05,65.37151215,72.06158954,49.3498502
TCGA.AR.A0TP.01A.11D.A10P.05,41.89764422,62.10857175,72.04287759
TCGA.E2.A1IL.01A.11D.A14H.05,75.16694923,53.25798582,42.25480868
TCGA.OL.A66N.01A.12D.A31V.05,97.80545198,85.34486051,138.7303239
TCGA.AC.A2FE.01A.11D.A19Z.05,78.56489309,86.19105346,98.11108064
TCGA.B6.A0WW.01A.11D.A10A.05,66.4657225,54.30321803,138.8139593
TCGA.E2.A1L8.01A.11D.A13K.05,74.76696052,80.35317039,79.39201566
TCGA.E2.A1IH.01A.11D.A13K.05,80.08334073,54.3139374,69.85928013
TCGA.AC.A23G.01A.11D.A212.05,58.05430948,68.0601243,71.79170789
TCGA.GM.A2DL.01A.11D.A18O.05,73.83464156,88.3060476,71.76336789
TCGA.E2.A106.01A.11D.A10N.05,48.08718795,79.75913853,41.93131667
TCGA.D8.A27P.01A.11D.A16G.05,53.68786612,71.58089365,56.93969136
TCGA.AR.A0TZ.01A.12D.A10P.05,67.80967179,82.88874888,101.4159626
TCGA.AN.A0XN.01A.21D.A10A.05,114.1159409,95.54213531,188.0815221
TCGA.A2.A0T5.01A.21D.A10P.05,56.08989617,75.58454276,98.0562202
TCGA.E2.A573.01A.11D.A29O.05,47.59090075,54.4948072,47.34287372
TCGA.AR.A1AY.01A.21D.A12R.05,68.48081785,80.29797905,138.7354746
TCGA.E9.A1N9.01A.11D.A14H.05,13.8112283,31.33510311,26.03747588
TCGA.E9.A1N5.01A.11D.A14H.05,49.84496194,61.5488434,53.74273511
TCGA.AC.A3TN.01A.11D.A22B.05,69.5114782,93.51132991,76.54986997
TCGA.D8.A4Z1.01A.21D.A268.05,73.19294051,59.21731165,60.93911377
TCGA.BH.A1FR.01A.11D.A13K.05,73.841619,98.62521187,46.8157435
TCGA.E2.A10B.01A.11D.A10N.05,75.40706017,88.81462604,93.66138221
TCGA.E2.A2P6.01A.11D.A19Z.05,91.70938815,74.10504876,122.4770055
TCGA.BH.A0E2.01A.11D.A10P.05,81.49261647,99.06179206,140.9800648
TCGA.A7.A4SD.01A.11D.A268.05,46.96899619,42.05893481,47.77898558
TCGA.D8.A1XQ.01A.11D.A14N.05,60.24143573,44.37356581,71.68871903
TCGA.BH.A0E1.01A.11D.A10P.05,74.93130676,106.7437017,86.84918975
TCGA.GM.A2DC.01A.11D.A18O.05,105.6357128,96.33936983,119.6626615
TCGA.EW.A1OX.01A.11D.A145.05,96.7655143,131.5353227,132.0885381
TCGA.LD.A66U.01A.11D.A31V.05,66.69735054,66.37500611,72.12601844
TCGA.E9.A1RD.01A.11D.A161.05,70.07337143,81.11249549,94.67092634
TCGA.E9.A22B.01A.11D.A161.05,76.45042076,62.53825692,77.52302698
TCGA.BH.A0DG.01A.21D.A12R.05,62.39277767,77.35396242,98.08853498
TCGA.E9.A3HO.01A.11D.A212.05,80.67118727,73.24996236,107.4999088
TCGA.B6.A2IU.01A.32D.A18O.05,56.36899358,83.22941001,74.09758112
TCGA.BH.A1FC.01A.11D.A13K.05,85.62794174,82.36182916,108.5781996
TCGA.AO.A1KR.01A.12D.A145.05,72.93401869,81.3079052,114.1141921
TCGA.BH.A0HP.01A.12D.A10P.05,82.16608733,65.69929616,125.6637423
TCGA.A2.A1FZ.01A.51D.A14H.05,67.82532121,71.25527374,95.96515996
TCGA.BH.A0HY.01A.11D.A10P.05,91.85259464,98.12657453,169.3410546
TCGA.AQ.A1H3.01A.31D.A13K.05,68.55763133,83.80869779,81.13440285
TCGA.B6.A40B.01A.11D.A23D.05,72.7476442,84.05337784,94.69402406
TCGA.BH.A0BA.01A.11D.A10P.05,38.55506214,56.27362044,47.34350732
TCGA.BH.A1ET.01A.11D.A138.05,78.21218222,67.54293982,59.79255203
TCGA.BH.A0DV.01A.21D.A12R.05,66.67769236,76.55253125,63.1822319
TCGA.LD.A74U.01A.13D.A33F.05,70.040464,78.35909422,91.12191848
TCGA.E9.A226.01A.21D.A161.05,24.76699437,47.30587926,68.4641729
TCGA.LD.A7W6.01A.81D.A357.05,96.83067161,93.0902224,100.7661394
TCGA.OL.A6VO.01A.12D.A33F.05,57.0129069,34.49830842,87.63668595
TCGA.D8.A27L.01A.11D.A16G.05,51.99410095,59.45737298,59.11701657
TCGA.D8.A1J8.01A.11D.A13K.05,69.36114961,94.61039532,86.82456994
TCGA.A7.A6VW.01A.21D.A33F.05,12.98410123,49.73557666,35.60962522
TCGA.PL.A8LX.01A.11D.A41Q.05,81.42447053,100.2574214,116.9849976
TCGA.XX.A899.01A.11D.A36K.05,69.05845583,70.11895714,79.84265303
TCGA.AQ.A04H.01B.11D.A10N.05,52.3253245,99.65579673,157.1850338
TCGA.A2.A0EU.01A.22D.A10P.05,65.03419184,84.89492562,82.71009937
TCGA.PE.A5DE.01A.11D.A27Y.05,58.9491357,66.47443854,58.56895962
TCGA.A8.A0A6.01A.12D.A10P.05,96.94064325,86.63489084,106.9994636
TCGA.E9.A245.01A.22D.A16G.05,65.45235529,83.47207717,58.19994272
TCGA.E9.A1RA.01A.11D.A14H.05,67.28605382,63.15381793,61.20329272
TCGA.EW.A1PF.01A.11D.A145.05,54.46645607,54.19301568,40.88815472
TCGA.AC.A3W6.01A.12D.A22B.05,76.10576995,66.70372056,68.35232117
TCGA.S3.AA17.01A.11D.A41Q.05,94.28122177,99.17239982,137.6710023
TCGA.A1.A0SF.01A.11D.A145.05,62.07527465,61.32328019,74.2978704
TCGA.AO.A125.01A.11D.A10N.05,75.86397979,61.59675147,131.5278898
TCGA.AR.A2LK.01A.11D.A17Z.05,80.39717637,73.08472877,124.4660434
TCGA.D8.A1X9.01A.12D.A161.05,102.3701153,110.8334387,101.5729525
TCGA.D8.A73U.01A.11D.A33F.05,89.89966697,88.88159442,71.28374362
TCGA.D8.A1Y1.01A.21D.A14N.05,68.45451758,71.32323935,110.1259816
TCGA.A2.A4S3.01A.21D.A268.05,58.46930428,51.87340282,42.19114281
TCGA.AR.A1AI.01A.11D.A12R.05,56.16235049,50.78752079,70.07481932
TCGA.AR.A1AQ.01A.11D.A12R.05,54.40225218,52.03522789,74.98503607
TCGA.AC.A6IW.01A.12D.A33F.05,59.14116692,51.61846248,87.28602056
TCGA.B6.A40C.01A.11D.A23D.05,78.849646,86.47379874,97.55449898
TCGA.E9.A295.01A.11D.A16G.05,80.70655485,81.15964005,78.84858092
TCGA.S3.A6ZF.01A.32D.A32T.05,75.59878795,85.50541692,116.962305
TCGA.C8.A26W.01A.11D.A16G.05,47.14521807,50.23242408,63.3715998
TCGA.A7.A13H.01A.11D.A22B.05,61.41850113,62.01404477,62.78948947
TCGA.C8.A1HM.01A.12D.A138.05,66.75662317,61.62576054,103.3054386
TCGA.BH.A0BC.01A.22D.A10P.05,43.51145311,73.66750008,74.14001853
TCGA.EW.A1PA.01A.11D.A145.05,94.30979337,82.80272923,108.8981508
TCGA.AO.A1KP.01A.11D.A13K.05,95.40217909,104.194778,97.25127715
TCGA.AR.A0TV.01A.21D.A10P.05,48.82312598,105.3637296,139.0478791
TCGA.HN.A2OB.01A.21D.A27Y.05,69.90444037,54.09038614,79.49261015
TCGA.OL.A5RU.01A.11D.A28C.05,64.99917936,67.68018146,73.25276645
TCGA.EW.A1P0.01A.11D.A145.05,53.18202049,76.0008582,87.21541474
TCGA.E9.A249.01A.11D.A16A.05,85.24874217,105.2610725,76.84531883
TCGA.S3.AA15.01A.11D.A41Q.05,58.13697896,64.29843953,57.99609757
TCGA.A2.A0CT.01A.31D.A10P.05,131.8104589,128.4846847,129.9574617
TCGA.AR.A1AU.01A.11D.A12R.05,44.86745919,49.07218256,47.75048405
TCGA.OL.A66J.01A.11D.A29O.05,118.002548,111.3166097,119.4643483
TCGA.GM.A4E0.01A.12D.A268.05,88.82175863,81.19927779,94.34473252
TCGA.EW.A1IY.01A.11D.A13K.05,52.33181343,54.45629739,67.58700427
TCGA.E9.A228.01A.31D.A161.05,83.89963382,121.9017469,95.11456235
TCGA.AC.A3EH.01A.22D.A22B.05,75.04553741,73.20306441,114.0769355
TCGA.A2.A0SW.01A.11D.A10P.05,52.20424213,101.8890382,120.7434318
TCGA.B6.A0RI.01A.11D.A10P.05,63.22184096,71.20423471,56.83105735
TCGA.BH.A0DS.01A.11D.A10P.05,77.47024854,94.62027952,135.2354131
TCGA.AO.A0JJ.01A.11D.A10P.05,112.5838489,116.1602207,112.4293041
TCGA.A2.A4S1.01A.21D.A268.05,43.87658111,60.97132817,87.69618603
TCGA.A2.A0YE.01A.11D.A10A.05,25.31437973,26.48053905,51.6824508
TCGA.S3.A6ZG.01A.22D.A32T.05,106.834903,107.3105883,144.629218
TCGA.BH.A0HF.01A.11D.A10P.05,62.84171163,77.07756697,73.3742184
TCGA.GM.A2D9.01A.11D.A18O.05,69.9403905,57.55917153,83.8661565
TCGA.D8.A1JE.01A.11D.A13K.05,91.71802579,103.6365079,90.98791154
TCGA.AC.A7VB.01A.11D.A357.05,107.5018211,155.771407,249.7840493
TCGA.BH.A0B8.01A.21D.A10P.05,77.08352165,104.9473447,87.75785053
TCGA.D8.A1JK.01A.11D.A13K.05,56.95698783,59.83551405,59.00392762
TCGA.A7.A426.01A.22D.A244.05,82.08573044,75.38410286,73.20530797
TCGA.AR.A24R.01A.11D.A16A.05,52.54541619,77.74815327,102.5899762
TCGA.AR.A24O.01A.11D.A16A.05,57.45934757,58.46537825,50.10255803
TCGA.E2.A1LH.01A.11D.A14H.05,61.1330822,63.87402354,39.60751205
TCGA.A2.A0T0.01A.22D.A10P.05,41.13913093,41.79551936,41.57084016
TCGA.BH.A0AU.01A.11D.A12R.05,50.77854589,47.10196823,29.37129511
TCGA.E9.A1NE.01A.21D.A14N.05,55.31848982,42.7521851,47.76067599
TCGA.AC.A8OQ.01A.11D.A41Q.05,61.93673239,66.78637376,74.33961539
TCGA.AR.A24N.01A.11D.A16A.05,114.5794288,107.4910966,176.7871216
TCGA.A8.A0AD.01A.11D.A10P.05,95.36441592,79.57773026,125.0445104
TCGA.BH.A0HK.01A.11D.A10P.05,170.3835328,141.8705759,207.7300752
TCGA.A2.A0T4.01A.31D.A10P.05,83.23842429,107.2831619,107.0309885
TCGA.AR.A2LO.01A.31D.A18O.05,67.02893599,77.08566904,68.70116165
TCGA.Z7.A8R6.01A.11D.A41Q.05,60.33415085,41.93506249,60.62018466
TCGA.D8.A27M.01A.11D.A16G.05,44.46689819,61.16423836,52.00074089
TCGA.A7.A0DC.01B.04D.A22R.05,56.25137789,81.88794237,68.62569134
TCGA.LL.A6FP.01A.11D.A31V.05,55.50809204,101.9306247,100.0406223
TCGA.5L.AAT1.01A.12D.A41Q.05,70.7057295,67.14698616,80.36568767
TCGA.GI.A2C8.01A.11D.A16G.05,67.86745546,90.79104497,113.0504358
TCGA.AC.A2QH.01A.11D.A18O.05,37.228678,18.84811069,59.74148373
TCGA.E2.A1L7.01A.11D.A145.05,57.41448443,74.31010184,89.78959063
TCGA.AC.A8OP.01A.11D.A36K.05,109.3148445,103.3432048,161.4962239
TCGA.A2.A4RW.01A.21D.A268.05,42.98081651,47.61669836,66.07325946
TCGA.E2.A1LI.01A.12D.A161.05,44.69477641,48.64583213,69.18539026
TCGA.AC.A2FG.01A.11D.A17F.05,81.73853254,78.22307072,84.76829618
TCGA.E9.A6HE.01A.11D.A31V.05,64.83750843,82.62666287,79.57559791
TCGA.A2.A0CR.01A.11D.A22B.05,62.31801901,75.90684417,53.78744321
TCGA.A2.A25B.01A.11D.A16A.05,53.39888679,74.52749908,64.67942074
TCGA.OL.A66K.01A.11D.A29O.05,79.48156766,69.26155782,129.5495248
TCGA.D8.A1Y3.01A.11D.A161.05,94.46945248,86.2837705,167.1279266
TCGA.GM.A5PV.01A.11D.A28C.05,74.56198657,79.98285619,73.35310212
TCGA.D8.A1XD.01A.11D.A14H.05,58.63099088,50.19167145,60.90268843
TCGA.B6.A0WX.01A.11D.A10A.05,54.27476224,43.01451826,83.41762362
TCGA.E9.A1NF.01A.11D.A14H.05,57.43411636,67.90895215,89.16758329
TCGA.EW.A1J2.01A.21D.A13K.05,82.6053276,65.19466134,83.83515052
TCGA.UL.AAZ6.01A.11D.A41Q.05,25.59245637,83.04390246,51.51277749
TCGA.AR.A255.01A.11D.A16A.05,101.3155534,84.03073059,103.0973007
TCGA.AR.A0U3.01A.11D.A10A.05,70.28289643,119.4217075,117.9309654
TCGA.B6.A0RT.01A.21D.A10P.05,39.9772565,48.24830574,37.73478127
TCGA.AC.A3HN.01A.11D.A212.05,70.10722957,88.91692646,68.76208081
TCGA.A1.A0SP.01A.11D.A10P.05,52.78978243,55.23486654,67.60621587
TCGA.BH.A6R8.01A.21D.A33F.05,62.65160452,83.15657033,64.23799549
TCGA.BH.A0HN.01A.11D.A10P.05,76.17273931,125.9918883,144.4116671
TCGA.A2.A1FW.01A.11D.A13K.05,12.66326772,48.57463624,86.85952641
TCGA.BH.A209.01A.11D.A161.05,66.16055292,79.90820771,94.68729992
TCGA.A7.A26G.01A.21D.A16A.05,52.8095791,50.78047185,50.68643495
TCGA.W8.A86G.01A.21D.A36K.05,67.43741912,70.24577433,87.63193803
TCGA.BH.A1F6.01A.11D.A13K.05,29.64973239,69.92915438,61.68851482
TCGA.AO.A03M.01B.11D.A10N.05,20.79866118,34.42563977,3.034924553
TCGA.B6.A0WY.01A.11D.A10A.05,51.52243083,48.40238616,82.8269875
TCGA.EW.A1IX.01A.12D.A145.05,56.23181055,61.6260569,32.04924862
TCGA.GM.A2DK.01A.21D.A17Z.05,61.29054687,71.39546605,68.14239488
TCGA.D8.A27I.01A.11D.A16G.05,65.97699957,57.5369872,68.87725
TCGA.EW.A6S9.01A.22D.A33F.05,49.02190677,89.63559747,69.30432441
TCGA.LL.A740.01A.21D.A32T.05,47.68692616,98.54956628,125.7684288
TCGA.E9.A1N6.01A.11D.A145.05,19.64092592,60.0709684,46.3125282
TCGA.EW.A1J5.01A.11D.A13K.05,87.89549819,95.3815255,108.9653138
TCGA.B6.A0RO.01A.22D.A10P.05,61.18981477,66.86744558,78.79839092
TCGA.GM.A3XG.01A.31D.A244.05,62.27374551,44.66615671,62.62929797
TCGA.EW.A3E8.01B.11D.A244.05,100.1744978,95.69018623,97.0649126
TCGA.AR.A24S.01A.11D.A16A.05,45.5752462,53.81125088,44.79326554
TCGA.Z7.A8R5.01A.42D.A41Q.05,65.36350399,70.92367495,74.84252246
TCGA.AO.A12C.01A.11D.A10N.05,10.21504657,74.16569476,45.22982881
TCGA.E9.A1N4.01A.11D.A14N.05,82.90911864,77.38430243,70.90955618
TCGA.A1.A0SO.01A.22D.A10P.05,4.238282127,41.83075958,18.43173558
TCGA.A7.A13G.01B.04D.A22R.05,60.24327159,59.92049266,63.92687304
TCGA.E9.A2JS.01A.11D.A17Z.05,71.63176022,102.3270307,87.03363581
TCGA.BH.A202.01A.11D.A14N.05,92.43329797,77.95589011,138.7539678
TCGA.WT.AB41.01A.11D.A41Q.05,99.62488311,91.42617183,108.3764891
TCGA.BH.A0RX.01A.21D.A10P.05,54.70295058,63.95617984,55.84698359
TCGA.AR.A5QQ.01A.11D.A28C.05,68.56451969,68.73814814,79.62646377
TCGA.BH.A0HX.01A.21D.A10P.05,55.05058807,58.4563512,61.8304301
TCGA.C8.A27A.01A.11D.A16A.05,65.11087442,108.4797765,133.6154791
TCGA.A2.A25D.01A.12D.A16G.05,95.31705267,91.24897792,106.1411214
TCGA.BH.A201.01A.11D.A14N.05,74.94659266,77.33102821,104.8175743
TCGA.AR.A5QP.01A.11D.A28C.05,67.38737011,66.56927409,78.60387918
TCGA.BH.A0W3.01A.11D.A10A.05,59.39455208,64.71605328,84.02529666
TCGA.5T.A9QA.01A.11D.A41Q.05,128.0686888,142.4732058,192.7152538
TCGA.AR.A24V.01A.21D.A16A.05,90.85632053,100.8374354,117.7684506
TCGA.E9.A227.01A.11D.A161.05,52.43940532,55.11731881,51.91129949
TCGA.D8.A1JU.01A.11D.A13K.05,60.05954734,63.68966625,45.54162428
TCGA.PE.A5DD.01A.12D.A27Y.05,77.58362126,90.37858709,145.9854324
TCGA.D8.A73X.01A.11D.A32T.05,92.14582803,75.51392954,103.3538946
TCGA.AR.A2LR.01A.12D.A18O.05,36.21623438,70.87760274,44.96223619
TCGA.B6.A1KC.01A.11D.A13K.05,76.09033807,78.56989964,70.15707869
TCGA.A7.A4SB.01A.21D.A268.05,71.52516198,71.14856629,73.68636312
TCGA.AO.A03N.01B.11D.A10N.05,40.80236878,68.16227336,99.62773745
TCGA.A2.A0SV.01A.11D.A10P.05,82.41292183,85.70006022,120.0493944
TCGA.AR.A2LE.01A.11D.A17Z.05,106.8487443,95.78403069,97.93299524
TCGA.E9.A1NA.01A.11D.A145.05,103.2583632,102.999445,145.5842431
TCGA.D8.A1JP.01A.11D.A13K.05,52.9575572,53.50935208,74.88593866
TCGA.S3.AA11.01A.31D.A41Q.05,64.40502891,90.94984605,132.0969256
TCGA.BH.A0W5.01A.11D.A10A.05,73.64709085,66.01154759,66.24208593
TCGA.AC.A4ZE.01A.11D.A41Q.05,117.5794058,146.3217714,201.834473
TCGA.E9.A22A.01A.11D.A161.05,70.65130448,75.38985789,78.83176079
TCGA.C8.A1HO.01A.11D.A13K.05,100.8807863,80.9525967,138.4655381
TCGA.EW.A2FW.01A.11D.A17F.05,47.87976037,84.48224567,97.79814935
TCGA.PL.A8LV.01A.21D.A41Q.05,49.63848944,59.27371197,50.60755645
TCGA.E9.A247.01A.11D.A16A.05,64.9568194,92.25405438,87.57082324
TCGA.E9.A1R4.01A.21D.A14H.05,64.85724951,83.07563739,77.39874841
TCGA.D8.A1XV.01A.11D.A14N.05,82.22033921,112.1015835,130.6719865
TCGA.D8.A1XB.01A.11D.A14H.05,88.45832241,69.76613781,97.57766064
TCGA.OL.A6VQ.01A.12D.A41Q.05,73.09706192,72.96178468,83.81543839
TCGA.B6.A0WV.01A.11D.A10A.05,55.11516781,81.76511871,88.78624318
TCGA.D8.A27R.01A.11D.A16G.05,45.6863224,60.81223285,69.40005753
TCGA.D8.A1JJ.01A.31D.A14N.05,65.13217958,62.81259946,84.69847071
TCGA.A2.A0EP.01A.52D.A230.05,61.37767595,66.32642171,47.10036446
TCGA.BH.A0HA.01A.11D.A12R.05,45.67315619,63.76342808,71.59003112
TCGA.BH.A28Q.01A.11D.A16G.05,70.20162944,73.34396654,64.17119118
TCGA.AR.A252.01A.11D.A16A.05,55.89229086,70.56779366,54.39877808
TCGA.A2.A259.01A.11D.A16G.05,71.49561032,70.39832607,89.5067455
TCGA.AR.A24T.01A.11D.A16A.05,79.07165173,64.69304437,97.37042921
TCGA.E2.A572.01A.13D.A31V.05,98.95559873,103.4199258,123.5584426
TCGA.BH.A0DI.01A.21D.A12R.05,79.15475883,74.57051572,80.48722572
TCGA.E2.A1IO.01A.11D.A145.05,36.80462745,44.30238293,81.3718366
TCGA.D8.A1XL.01A.11D.A14N.05,51.18279708,47.09717457,70.93600287
TCGA.B6.A1KI.01A.11D.A14N.05,76.7691693,73.32274932,71.26648092
TCGA.AO.A124.01A.11D.A10N.05,47.79243606,48.21668871,30.33997646
TCGA.B6.A0RM.01A.11D.A10P.05,75.09202832,113.5968324,90.41219539
TCGA.BH.A0BM.01A.11D.A10P.05,77.94478278,70.29981221,76.4058289
TCGA.A1.A0SH.01A.11D.A10P.05,38.75788993,64.04318476,54.05871839
TCGA.EW.A1PC.01B.11D.A21R.05,87.94595452,72.84450107,143.771747
TCGA.A2.A0YT.01A.11D.A10A.05,49.65623327,77.39557156,76.69243159
TCGA.C8.A1HN.01A.11D.A138.05,85.85442869,61.18144817,110.4046147
TCGA.E9.A5UP.01A.11D.A28C.05,91.64773195,109.3639478,139.84566
TCGA.BH.A5J0.01A.11D.A27Y.05,44.2256384,75.03451864,70.39032705
TCGA.E2.A1B1.01A.21D.A12R.05,63.05636761,69.03997233,41.96829129
TCGA.BH.A1F8.01A.11D.A13K.05,64.49819375,69.21259615,86.45842502
TCGA.AC.A2BM.01A.11D.A21R.05,71.85397397,71.89368795,58.19843646
TCGA.E9.A1QZ.01A.21D.A16A.05,66.70362684,76.4590221,55.2005362
TCGA.AR.A1AS.01A.11D.A12R.05,57.04066954,91.93791087,74.11700675
TCGA.D8.A27W.01A.11D.A16G.05,63.91681433,55.92314623,75.66149594
TCGA.AC.A23E.01A.11D.A161.05,56.50748936,66.30889061,56.61325714
TCGA.D8.A27K.01A.11D.A16G.05,63.37242873,70.61723939,100.1351287
TCGA.BH.A0BF.01A.21D.A12R.05,69.39398711,64.87958207,98.00187066
TCGA.EW.A1PH.01A.11D.A14N.05,34.63288979,36.80742381,60.34010634
TCGA.AR.A0U2.01A.11D.A10A.05,49.61317962,84.51662647,88.75653269
TCGA.BH.A0H9.01A.11D.A10P.05,48.00958945,43.8817141,40.18108591
TCGA.3C.AALK.01A.11D.A41Q.05,102.8372791,84.37940258,131.5159074
TCGA.E2.A574.01A.11D.A29O.05,43.32129845,30.48503353,60.94677345
TCGA.A1.A0SG.01A.11D.A145.05,54.47253865,51.47346926,79.00323671
TCGA.D8.A1XC.01A.11D.A14H.05,95.88599484,137.2154389,97.12105008
TCGA.XX.A89A.01A.11D.A36K.05,68.45999082,60.46065601,60.81840985
TCGA.AN.A0XP.01A.11D.A10A.05,95.25818022,100.9714242,116.3866323
TCGA.AR.A1AL.01A.21D.A12R.05,63.3720099,79.20322556,67.87745366
TCGA.D8.A1X6.01A.11D.A14N.05,86.48948879,72.89223884,93.65019534
TCGA.EW.A6SB.01A.12D.A32T.05,60.28436646,61.34632469,98.162553
TCGA.E2.A15I.01A.21D.A138.05,51.34088836,57.10675186,41.69045543
TCGA.A2.A0SY.01A.31D.A10P.05,87.2572389,97.31599133,86.40513041
TCGA.AC.A2BK.01A.11D.A21R.05,29.57739331,40.50610827,53.94294733
TCGA.E2.A1IF.01A.11D.A145.05,74.01670114,66.70608756,72.1404031
TCGA.AR.A0U4.01A.11D.A10A.05,83.36294061,81.055874,104.6960017
TCGA.B6.A408.01A.12D.A244.05,58.94583898,73.06702833,52.11678842
TCGA.A2.A0YI.01A.31D.A10N.05,51.00765824,76.44631767,75.87351485
TCGA.AC.A6IX.01A.12D.A32T.05,62.55775757,87.07962114,97.11693841
TCGA.B6.A0RG.01A.11D.A10P.05,19.99122897,64.81504521,53.03786006
TCGA.BH.A1EW.01A.11D.A138.05,74.26645357,68.9676426,92.06609179
TCGA.GM.A2DI.01A.31D.A18O.05,52.8329524,55.78416296,33.68930423
TCGA.AR.A24W.01A.11D.A16A.05,67.72084831,56.73266315,56.54913934
TCGA.A7.A26J.01A.11D.A16A.05,71.83122068,68.49883703,78.1195621
TCGA.B6.A0RU.01A.11D.A10P.05,40.2551787,42.03508404,49.23742498
TCGA.AQ.A0Y5.01A.11D.A14N.05,75.35324167,69.78568217,112.2714088
TCGA.AR.A2LL.01A.11D.A17Z.05,73.43475114,70.72859812,117.5918525
TCGA.BH.A0C0.01A.21D.A10P.05,67.03005929,72.61605904,92.57715908
TCGA.AN.A0XW.01A.11D.A10A.05,42.38995771,56.00091111,28.93287088
TCGA.BH.A0B2.01A.11D.A10N.05,72.3989455,78.53316112,92.11853999
TCGA.E9.A1R2.01A.11D.A14H.05,61.15137832,62.17762901,70.65260722
TCGA.E2.A1IG.01A.11D.A145.05,52.25842952,65.54800439,75.16859992
TCGA.LL.A9Q3.01A.11D.A41Q.05,65.58793666,64.07221924,104.5136936
TCGA.LL.A442.01A.11D.A244.05,66.71107102,68.13827064,80.40848425
TCGA.A2.A0CO.01A.13D.A22B.05,88.42088218,96.25280671,92.35049272
TCGA.E9.A22G.01A.11D.A161.05,23.28786452,34.23563699,63.89699141
TCGA.BH.A0BS.01A.11D.A12R.05,67.49736335,83.59481831,71.07674533
TCGA.AQ.A7U7.01A.22D.A357.05,82.55433374,67.53880616,90.30434947
TCGA.AC.A2FF.01A.11D.A17F.05,58.24940799,52.0770141,45.57002448
TCGA.BH.A0BZ.01A.31D.A12R.05,84.6669764,83.16049397,111.7235501
TCGA.GM.A2DF.01A.11D.A17Z.05,49.38919474,66.94181453,68.92129353
TCGA.A2.A3XX.01A.21D.A23D.05,33.83948654,40.56096532,37.37480829
TCGA.AC.A2FB.01A.11D.A17F.05,65.25497665,69.03128862,68.02441308
TCGA.LL.A5YL.01A.12D.A29O.05,64.06316986,93.50554647,100.7515014
TCGA.LL.A6FR.01A.12D.A31V.05,43.48403773,33.34249632,56.14811531
TCGA.D8.A1JC.01A.11D.A13K.05,50.75883875,57.15381449,56.41047718
TCGA.BH.A1FH.01A.12D.A13K.05,57.17987356,50.0568143,45.34828608
TCGA.AR.A0TT.01A.31D.A10P.05,51.4843768,67.11796036,61.97788643
TCGA.A7.A0D9.01A.31D.A10P.05,53.65028644,69.01601276,48.15959501
TCGA.A2.A0SX.01A.12D.A10P.05,50.79440485,45.98752714,48.41197597
TCGA.BH.A0B3.01A.11D.A10P.05,48.65150812,63.20977614,73.75638051
TCGA.BH.A42T.01A.11D.A244.05,112.1237308,109.6260641,144.1474025
TCGA.GI.A2C9.01A.11D.A21R.05,58.48783835,51.10544183,96.15310467
TCGA.AR.A1AW.01A.21D.A12R.05,77.89051038,78.08581937,101.8796441
TCGA.EW.A1P5.01A.11D.A145.05,58.3341534,100.7742061,81.6479558
TCGA.AR.A24Z.01A.11D.A16A.05,36.02133423,44.80603881,99.31467226
TCGA.B6.A0RL.01A.11D.A10P.05,155.4173239,155.6170749,194.5066441
TCGA.D8.A27N.01A.11D.A16G.05,58.98484987,102.4210862,63.07281624
TCGA.E9.A1NG.01A.21D.A14N.05,62.81314386,60.35612281,55.80029335
TCGA.AO.A0JL.01A.11D.A10P.05,32.4793453,30.00015652,90.82306424
TCGA.AR.A256.01A.11D.A16A.05,65.40864865,78.92375185,120.7622392
TCGA.A8.A075.01A.11D.A10P.05,47.47739811,48.13584188,73.32380478
TCGA.GM.A2DM.01A.11D.A17Z.05,83.09159127,73.95449686,71.20380122
TCGA.E2.A1IK.01A.11D.A145.05,71.21948089,66.43347135,62.02359894
TCGA.A2.A25C.01A.11D.A16A.05,45.54269983,78.79907446,35.10827782
TCGA.A7.A5ZX.01A.12D.A29O.05,78.64461143,66.70658965,78.95937592
TCGA.A2.A0YJ.01A.11D.A10A.05,46.85760257,27.81558636,101.7560021
TCGA.AO.A0JM.01A.21D.A10P.05,93.11415802,81.71489384,130.2817171
TCGA.BH.A1EO.01A.11D.A138.05,104.8469479,80.85727114,95.20921511
TCGA.B6.A0RP.01A.21D.A10P.05,102.1945496,96.70581002,132.7122805
TCGA.BH.A1FM.01A.11D.A13K.05,73.79691282,69.99796491,109.2439812
TCGA.AO.A0JG.01A.31D.A10P.05,60.45293076,86.52747374,66.71720674
TCGA.A2.A0CK.01A.11D.A22B.05,66.57937106,62.68706578,73.26645028
TCGA.WT.AB44.01A.11D.A41Q.05,86.97508448,91.35005031,109.0841928
TCGA.D8.A1XF.01A.11D.A14H.05,126.0812124,113.7047889,140.2485764
TCGA.E9.A1R3.01A.31D.A14N.05,78.32258603,64.43709568,59.66950411
TCGA.E2.A56Z.01A.12D.A29O.05,81.14528449,88.61496498,74.4252405
TCGA.OK.A5Q2.01A.11D.A27Y.05,67.67729087,73.7808231,85.9472084
TCGA.D8.A1X7.01A.11D.A14N.05,83.43080633,99.60764968,84.75033531
TCGA.B6.A401.01A.11D.A23D.05,83.54597799,78.64729168,94.77177229
TCGA.E9.A22D.01A.11D.A161.05,79.4458842,82.52542959,92.21509826
TCGA.E9.A229.01A.31D.A161.05,71.41236081,55.2828119,59.63417417
TCGA.S3.AA0Z.01A.11D.A41Q.05,75.06935531,53.92005269,42.67715079
TCGA.AR.A0TU.01A.31D.A10A.05,43.553864,44.95537057,97.18224468
TCGA.A7.A2KD.01A.31D.A21R.05,63.25379523,51.90889657,89.83979276
TCGA.BH.A0HI.01A.11D.A10P.05,74.48670775,77.93087247,77.71864097
TCGA.AR.A1AK.01A.21D.A12R.05,88.19571184,85.62163503,103.2241891
TCGA.E9.A1RB.01A.11D.A161.05,48.50935225,51.83506965,87.70465995
TCGA.GM.A3XL.01A.11D.A230.05,45.55103024,72.4228748,84.94990822
TCGA.PL.A8LZ.01A.31D.A36K.05,37.90764737,46.40534427,29.98232721
TCGA.E2.A1B6.01A.31D.A12R.05,46.43490575,54.46295701,40.00238029
TCGA.EW.A6SC.01A.12D.A32T.05,64.00793175,81.36362833,90.09869146
TCGA.AC.A3QQ.01A.11D.A22B.05,77.66861241,90.8159086,99.65085233
TCGA.AO.A0JI.01A.21D.A10P.05,118.7405758,117.6583875,134.0833818
TCGA.C8.A1HI.01A.11D.A138.05,66.26627562,67.2457762,76.93061685
TCGA.GM.A2DO.01A.11D.A18O.05,65.65463603,70.2331662,49.66708612
TCGA.C8.A274.01A.11D.A16G.05,50.7610877,80.81125933,118.8847686
TCGA.BH.A1FD.01A.11D.A13K.05,92.86012579,101.6937339,141.8497254
TCGA.AR.A2LM.01A.11D.A17Z.05,57.94150571,59.44596463,58.36940935
TCGA.B6.A0X5.01A.21D.A10A.05,77.84351038,116.9392204,178.9572574
TCGA.PE.A5DC.01A.12D.A27Y.05,59.26778353,64.89668883,53.90892597
TCGA.3C.AALJ.01A.31D.A41Q.05,34.02465777,84.53251196,72.90872622
TCGA.AR.A0TW.01A.11D.A10P.05,69.9493659,92.98710205,102.3459732
TCGA.AO.A128.01A.11D.A10N.05,53.116006,69.32796215,67.12416132
TCGA.AO.A0JD.01A.11D.A10P.05,63.74039231,77.01070177,67.61056051
TCGA.BH.A1FE.01A.11D.A13K.05,47.84910497,48.7412793,56.80287825
TCGA.BH.A1F5.01A.12D.A13K.05,55.03584512,71.16693769,113.1906658
TCGA.A7.A26F.01A.21D.A16A.05,39.66805943,65.78568201,63.3322785
TCGA.BH.A0B6.01A.11D.A19Z.05,47.51194045,57.59188641,66.64479013
TCGA.D8.A27G.01A.11D.A16G.05,95.99767615,103.9626847,77.92461276
TCGA.A7.A6VX.01A.12D.A33F.05,77.13402901,53.64247657,54.00558921
TCGA.BH.A0H0.01A.11D.A10P.05,51.17262617,83.70419636,53.05143505
TCGA.AC.A3W7.01A.11D.A22B.05,65.07703952,70.66344273,69.52484665
TCGA.E9.A1RI.01A.11D.A16A.05,67.20150394,76.22492475,72.67068392
TCGA.AO.A1KS.01A.11D.A13K.05,42.63089815,57.50701151,86.8077215
TCGA.A1.A0SK.01A.12D.A10P.05,19.39640709,7.012537072,49.87299416
TCGA.E2.A1IJ.01A.11D.A145.05,70.74585466,64.08493396,75.96151368
TCGA.BH.A0GZ.01A.11D.A10P.05,69.72915264,76.95006465,97.36650872
TCGA.BH.A0B5.01A.11D.A12R.05,80.33117843,81.08147029,95.556665
TCGA.A2.A3KD.01A.12D.A212.05,81.85754584,87.61198747,83.32905602
TCGA.EW.A1P8.01A.11D.A145.05,44.69186015,37.16680649,62.06690304
TCGA.A2.A0T2.01A.11D.A10P.05,24.25086509,40.45238548,71.53687679
TCGA.E9.A1NC.01A.12D.A161.05,45.48412846,55.63149679,47.6620357
TCGA.E9.A5UO.01A.11D.A28C.05,102.4374617,108.8653803,152.3278647
TCGA.AR.A24H.01A.11D.A16A.05,82.39855535,70.54977032,125.7388733
TCGA.E2.A1L6.01A.11D.A13K.05,76.6827117,55.31714159,58.46789087
TCGA.E9.A54Y.01A.11D.A268.05,141.2995694,100.5931603,190.6687543
TCGA.BH.A1ES.01A.11D.A138.05,71.39062383,79.98685166,74.51610431
TCGA.E9.A1R5.01A.11D.A14N.05,87.65512558,89.6947471,132.6399506
TCGA.E2.A14N.01A.31D.A138.05,42.50350806,45.84318627,56.96705483
TCGA.AR.A5QM.01A.11D.A27Y.05,73.43678798,99.30230549,85.67089568
TCGA.D8.A1XO.01A.11D.A14N.05,65.8692201,60.6609113,53.53988023
TCGA.D8.A27E.01A.11D.A16G.05,59.90606982,65.22895467,47.86695216
TCGA.E9.A1R7.01A.11D.A14N.05,93.18974407,88.93012134,98.24138505
TCGA.B6.A400.01A.11D.A23D.05,44.62329142,37.63657503,73.9884195
TCGA.D8.A27H.01A.11D.A16G.05,49.10358372,59.26405146,34.38493517
TCGA.D8.A27T.01A.11D.A16G.05,61.3504893,73.15901804,71.83164951
TCGA.A2.A25E.01A.11D.A16A.05,48.66544289,70.90759254,56.20664723
TCGA.D8.A1JB.01A.11D.A13K.05,62.40367456,60.61211651,59.89938385
TCGA.EW.A1J3.01A.11D.A13K.05,87.10009272,98.29431009,104.487466
TCGA.GM.A3NY.01A.11D.A21R.05,72.94579813,93.08068989,114.6270666
TCGA.D8.A3Z6.01A.11D.A23D.05,68.46891089,76.26227383,94.47626706
TCGA.EW.A423.01A.11D.A244.05,87.71758116,77.30609235,131.4048169
TCGA.B6.A402.01A.11D.A23D.05,34.26147804,29.41723963,51.38381802
TCGA.AR.A1AN.01A.11D.A12R.05,83.21483831,66.58329253,70.28577158
TCGA.GM.A2DN.01A.11D.A17Z.05,79.12679004,74.49795578,86.545267
TCGA.A2.A0EN.01A.13D.A10P.05,70.52992303,75.43921934,83.63028707
TCGA.E9.A1RC.01A.11D.A161.05,65.52614625,73.45853655,123.6814239
TCGA.AR.A0TQ.01A.11D.A10P.05,30.78230137,54.62276449,67.43154892
TCGA.A8.A08O.01A.21D.A10P.05,90.77719207,71.71002118,98.63861177
TCGA.BH.A8G0.01A.11D.A357.05,55.88401108,64.82380203,75.21557403
TCGA.AC.A3QP.01A.11D.A230.05,70.20214527,69.66065783,76.10014045
TCGA.E2.A570.01A.11D.A29O.05,41.1157034,75.93505533,62.98447406
TCGA.BH.A0DH.01A.11D.A10P.05,80.44283051,129.7752711,147.3516475
TCGA.MS.A51U.01A.31D.A268.05,61.2021212,64.1411941,50.02165571
TCGA.E2.A1LS.01A.12D.A161.05,40.69270017,65.57630458,93.93661932
TCGA.LL.A8F5.01A.11D.A36K.05,35.79495848,49.52373795,61.3140589
TCGA.B6.A3ZX.01A.11D.A23D.05,49.34207798,55.88426521,53.39808226
TCGA.AR.A1AP.01A.11D.A12R.05,113.2411664,105.4361344,171.5126279
TCGA.A7.A3J1.01A.11D.A212.05,82.95313607,81.46194382,87.78885472
TCGA.AR.A0U0.01A.11D.A10A.05,64.80796984,51.27966622,96.18773621
TCGA.D8.A1XU.01A.11D.A14N.05,60.5430374,78.27081592,94.83445667
TCGA.AR.A24Q.01A.12D.A16A.05,48.27797859,29.34926176,51.2873791
TCGA.A2.A0YM.01A.11D.A10A.05,74.68018686,62.83162878,121.8616784
TCGA.D8.A1XR.01A.11D.A14N.05,57.71720016,76.95468063,104.2622181
TCGA.3C.AAAU.01A.11D.A41Q.05,64.3458158,81.16974869,52.71229283
TCGA.A1.A0SN.01A.11D.A145.05,74.48077866,81.80488053,118.1175573
TCGA.AR.A24M.01A.11D.A16A.05,58.45103795,59.89871435,63.94692801
TCGA.A7.A6VV.01A.22D.A33F.05,60.61037244,41.54747058,83.90942774
TCGA.B6.A0WT.01A.11D.A10A.05,54.00586831,52.15623135,59.90302215
TCGA.A2.A3XT.01A.11D.A230.05,53.3131581,50.33826975,41.55895452
TCGA.D8.A1Y2.01A.11D.A161.05,65.88341181,59.94692643,69.06747793
TCGA.BH.A1FB.01A.11D.A13K.05,64.28188116,56.8760719,61.47309235
TCGA.A2.A1G0.01A.11D.A13K.05,60.52774117,44.69923756,31.64469046
TCGA.AR.A24K.01A.11D.A16A.05,87.79233748,57.38481516,120.0289105
TCGA.E2.A1IN.01A.11D.A13K.05,61.11409484,53.85214324,59.43832476
TCGA.AR.A2LN.01A.21D.A18O.05,71.04994648,75.60893783,47.27409283
TCGA.BH.A0DP.01A.21D.A10P.05,89.54893695,86.66478617,141.2513939
TCGA.AR.A2LJ.01A.12D.A19Z.05,56.72381801,58.43322732,50.77512101
TCGA.AC.A62X.01A.11D.A29O.05,60.35815236,78.26660718,124.5739305
TCGA.EW.A424.01A.11D.A244.05,92.5705849,93.3894241,128.3805628
TCGA.AC.A6IV.01A.12D.A33F.05,80.28247825,70.62325707,71.38824866
TCGA.D8.A1XA.01A.11D.A14H.05,86.5720355,103.1538,101.0467538
TCGA.E2.A1B5.01A.21D.A12R.05,58.93711988,78.83771408,67.84265614
TCGA.A7.A3RF.01A.11D.A22B.05,85.19088323,88.9046565,98.46802281
TCGA.E2.A10C.01A.21D.A10N.05,65.7027708,80.5653232,89.91305983
TCGA.A2.A4S2.01A.12D.A268.05,80.24063823,67.88050537,100.0026447
TCGA.E9.A24A.01A.11D.A16A.05,60.72516464,70.71671923,54.28857496
TCGA.4H.AAAK.01A.12D.A41Q.05,76.4109388,69.48750263,110.0804182
TCGA.AC.A3TM.01A.11D.A22B.05,65.38877722,73.64178577,89.60396691
TCGA.BH.A1F2.01A.31D.A13K.05,53.98890197,93.72465342,78.5991494
TCGA.C8.A8HQ.01A.11D.A36K.05,70.3498347,102.4715603,102.2266472
TCGA.A7.A3IY.01A.21D.A21R.05,89.51422806,83.76326093,96.94287638
TCGA.E2.A1II.01A.11D.A145.05,48.28039463,69.3410854,74.89527259
TCGA.E2.A1B4.01A.11D.A12R.05,80.03137409,67.16282047,116.9733147
TCGA.A7.A4SE.01A.11D.A268.05,33.62366818,45.64687898,59.78607213
TCGA.BH.A0HB.01A.11D.A10P.05,53.86652197,52.85542383,62.52874863
TCGA.C8.A1HG.01A.11D.A138.05,50.13707375,61.73133336,57.35172445
TCGA.GM.A3NW.01A.21D.A22B.05,103.6708868,102.911538,128.4707319
TCGA.AC.A5XS.01A.11D.A29O.05,49.00195208,73.92169027,64.63636047
TCGA.EW.A3U0.01A.11D.A22B.05,40.39780418,40.84165875,35.35866476
TCGA.E2.A1BD.01A.11D.A12R.05,106.8652438,100.7735743,161.8221644
TCGA.A7.A26H.01A.11D.A16A.05,73.54657515,75.70397038,92.95957352
TCGA.OL.A5D8.01A.11D.A27Y.05,100.9853233,103.3915248,142.7348129
TCGA.A2.A0YH.01A.11D.A10A.05,66.87951182,50.29938034,83.15636216
TCGA.BH.A2L8.01A.11D.A18O.05,45.1499216,52.0558318,51.13392067
TCGA.AQ.A04L.01B.21D.A10N.05,42.70877108,55.94713445,121.2300615
TCGA.BH.A0WA.01A.11D.A10A.05,63.45121345,52.36357831,63.42243352
TCGA.BH.A1EX.01A.11D.A13K.05,59.70788054,67.64270807,73.45579156
TCGA.JL.A3YX.01A.11D.A230.05,61.20284796,57.03472532,98.22749767
TCGA.OL.A5S0.01A.11D.A28C.05,56.53186321,54.45712378,54.90377702
TCGA.OL.A5RX.01A.11D.A28C.05,81.47820945,66.20596547,78.99231931
TCGA.BH.A42V.01A.11D.A244.05,69.83067423,56.92737203,75.27888253
TCGA.AQ.A54N.01A.11D.A268.05,21.41983299,25.98390861,108.8460942
TCGA.EW.A1IW.01A.11D.A13K.05,102.3657514,82.97658053,131.9802397
TCGA.C8.A273.01A.11D.A16G.05,50.34215778,83.22301747,80.63818562
TCGA.B6.A0X7.01A.11D.A10N.05,60.69150367,53.37705193,90.24356732
TCGA.E2.A1L9.01A.11D.A13K.05,48.39406667,53.20321108,57.55659342
TCGA.A7.A13E.01A.11D.A12R.05,62.87061132,44.92791697,126.0806061
TCGA.E9.A1R6.01A.11D.A14H.05,92.06662373,86.83860072,93.19430184
TCGA.AC.A8OR.01A.21D.A41Q.05,73.17763054,91.25437398,86.72173384
TCGA.AR.A24X.01A.11D.A16A.05,77.67419867,114.693454,100.2809838
TCGA.B6.A0RV.01A.11D.A10P.05,82.68862116,69.49998239,88.00373557
TCGA.D8.A1XM.01A.21D.A14N.05,60.36848538,59.65728334,80.73890252
TCGA.EW.A1OZ.01A.11D.A145.05,49.1976423,58.218724,94.50241766
TCGA.E9.A3X8.01A.31D.A230.05,77.07993717,75.23458027,76.30646871
TCGA.C8.A3M7.01A.12D.A21R.05,57.65198074,72.17528932,53.52812085
TCGA.AC.A5XU.01A.11D.A28C.05,89.65602932,88.45557675,126.4869009
TCGA.D8.A1XK.01A.21D.A14N.05,56.6193953,64.4517619,84.65678706
TCGA.OL.A66I.01A.21D.A29O.05,57.36839785,66.46877133,85.00093367
TCGA.LL.A440.01A.11D.A244.05,88.09635047,69.1666688,79.36188557
TCGA.A7.A26E.01B.06D.A27B.05,58.90983135,57.23934688,66.56154137
TCGA.AC.A3BB.01A.21D.A19Z.05,64.67049691,72.75576048,59.48017404
TCGA.OL.A5RW.01A.11D.A28C.05,55.22119103,52.1111717,61.41928656
TCGA.BH.A0DQ.01A.11D.A10P.05,54.99477675,63.46040592,59.73875172
TCGA.C8.A1HJ.01A.11D.A13K.05,43.42830645,33.99842555,68.38703225
TCGA.C8.A1HL.01A.11D.A138.05,27.24927198,74.83822093,48.38250953
TCGA.A2.A3XU.01A.12D.A230.05,46.74431152,63.95940805,99.04815862
TCGA.AC.A2B8.01A.11D.A17F.05,81.62975168,67.99689609,83.34620557
TCGA.BH.A204.01A.11D.A161.05,105.5376118,99.87819814,102.5953859
TCGA.BH.A1EY.01A.11D.A13K.05,61.34437712,85.14323754,119.5607081
TCGA.LL.A7SZ.01A.32D.A357.05,55.66564661,65.78035815,77.29503113
TCGA.AR.A5QN.01A.12D.A28C.05,108.2553213,95.23934705,127.9081467
TCGA.B6.A0WZ.01A.11D.A10A.05,63.5713888,71.12836387,95.55392564
TCGA.B6.A0RE.01A.11D.A10P.05,41.32458175,57.11142934,104.3787553
TCGA.D8.A1XZ.01A.11D.A14N.05,37.8211817,53.215856,97.34286654
TCGA.E2.A1LL.01A.11D.A145.05,34.36802735,61.62250147,52.96462357
TCGA.S3.AA12.01A.11D.A41Q.05,80.49434469,67.28555716,126.7632762
TCGA.A2.A3KC.01A.11D.A212.05,86.88317275,91.55325783,113.0265609
TCGA.S3.AA10.01A.21D.A41Q.05,56.05367959,49.72102488,60.53144998
TCGA.E2.A15J.01A.11D.A12R.05,75.1082507,89.00349021,100.4850408
TCGA.A1.A0SJ.01A.11D.A10P.05,66.2615496,73.33597389,90.37098357
TCGA.A7.A4SA.01A.11D.A268.05,38.86970915,53.40488744,34.67404724
TCGA.A7.A5ZW.01A.12D.A29O.05,54.17113209,54.38502794,47.21615769
TCGA.B6.A409.01A.11D.A244.05,43.55736686,48.4622595,71.59085828
TCGA.E2.A1LK.01A.21D.A14H.05,48.90859701,100.0451989,126.7547678
TCGA.A2.A3Y0.01A.11D.A23D.05,44.02444716,40.75931068,53.97202374
TCGA.BH.A1EU.01A.11D.A138.05,81.80120322,85.87742994,75.60476678
TCGA.LD.A7W5.01A.22D.A357.05,66.72183369,68.55975233,69.1486051
TCGA.D8.A1J9.01A.11D.A13K.05,62.73008315,83.46501566,82.97166294
TCGA.HN.A2NL.01A.11D.A18O.05,32.85266792,22.29280149,43.83900296
TCGA.E9.A243.01A.21D.A16A.05,49.59025303,67.81006857,44.76268789
TCGA.OL.A6VR.01A.32D.A33F.05,74.94320842,81.91734737,83.18454224
TCGA.C8.A26Z.01A.11D.A16G.05,60.79243746,66.31564996,51.59466508
TCGA.E2.A10E.01A.21D.A10N.05,91.26692057,98.35713912,84.15858382
TCGA.BH.A1FN.01A.11D.A13K.05,51.88580601,35.0068451,32.26168095
TCGA.D8.A1JS.01A.11D.A13K.05,89.43623649,78.92056989,94.58685046
TCGA.B6.A1KN.01A.11D.A13K.05,61.27406013,70.45230436,87.09172973
TCGA.D8.A1JN.01A.11D.A13K.05,64.31840967,71.99807588,79.73166541
TCGA.A7.A5ZV.01A.11D.A28C.05,74.15169685,82.79722837,130.4762247
TCGA.A2.A4S0.01A.21D.A268.05,93.18332958,74.03467879,56.7720804
TCGA.D8.A1JI.01A.11D.A13K.05,56.6909293,105.8983817,112.3711066
TCGA.OL.A66H.01A.11D.A29O.05,61.93456146,92.74789627,57.60414797
TCGA.D8.A3Z5.01A.41D.A244.05,77.31118,79.83839902,79.15631254
TCGA.BH.A0C3.01A.21D.A12R.05,66.45914531,67.8497992,36.8758221
TCGA.A2.A1G1.01A.21D.A13K.05,58.16512831,71.8287872,69.34802519
TCGA.BH.A0GY.01A.11D.A10P.05,48.48185777,65.52348014,99.48989819
TCGA.A2.A0T7.01A.21D.A10P.05,59.37768176,52.35345019,64.30724042
TCGA.BH.A0B9.01A.11D.A10P.05,41.44968531,45.75005482,63.38722349
TCGA.B6.A0I1.01A.11D.A21R.05,68.02264635,63.72139015,69.56623842
TCGA.AO.A12G.01A.11D.A10N.05,92.22257948,82.30502386,124.4803238
TCGA.BH.A8FY.01A.11D.A36K.05,113.804813,129.3574409,184.0712937
TCGA.AR.A251.01A.12D.A16A.05,30.30474186,28.74642541,26.68929796
TCGA.E2.A9RU.01A.11D.A41Q.05,127.7625275,140.7040343,179.5825893
TCGA.AN.A0XL.01A.11D.A10N.05,93.05098593,85.16986222,130.9206423
TCGA.E2.A1LA.01A.11D.A145.05,79.99428972,81.61614789,111.4740783
TCGA.A2.A1FV.01A.11D.A13K.05,109.0554508,112.8719606,168.196434
TCGA.D8.A1Y0.01A.11D.A14N.05,88.40190957,71.92869678,55.18002378
TCGA.D8.A1JT.01A.31D.A13K.05,68.86060878,87.38735014,110.1812342
TCGA.LL.A50Y.01A.11D.A268.05,71.97734102,84.68705188,111.9537637
TCGA.E2.A10F.01A.11D.A10N.05,79.31984103,80.0296524,98.61080308
TCGA.S3.AA14.01A.11D.A41Q.05,80.44655483,69.61175271,79.44612363
TCGA.LL.A6FQ.01A.11D.A31V.05,55.02142734,69.43349525,107.3930521
TCGA.E2.A1IU.01A.11D.A14H.05,85.95441125,82.84916304,85.92405275
TCGA.AN.A0XS.01A.22D.A10A.05,54.52949581,60.86881228,57.55391225
TCGA.BH.A5IZ.01A.11D.A27Y.05,49.14998029,79.80616519,45.0424552
TCGA.D8.A1XY.01A.11D.A14N.05,81.08450851,72.38084961,110.1855353
TCGA.E9.A54X.01A.11D.A268.05,70.57604126,109.1002457,75.83177789
TCGA.AN.A0XT.01A.11D.A10A.05,40.80914763,57.18237251,86.00224436
TCGA.D8.A1JM.01A.11D.A13K.05,34.09432028,70.96381697,66.9535726
TCGA.AC.A62Y.01A.11D.A29O.05,101.4203186,96.00828755,91.37593284
TCGA.AN.A0XU.01A.11D.A10A.05,46.12471686,53.60620264,57.77295728
TCGA.LL.A5YP.01A.21D.A28C.05,39.04530195,46.01760632,47.75370737
TCGA.BH.A0W4.01A.11D.A10A.05,79.10530853,69.29539674,74.80560193
TCGA.BH.AB28.01A.31D.A41Q.05,100.150303,98.76892899,119.4739575
TCGA.A7.A13F.01A.11D.A12R.05,103.7078991,104.1271642,147.410251
TCGA.AC.A7VC.01A.11D.A357.05,38.95024533,17.08577991,39.78867575
TCGA.E2.A1IE.01A.11D.A13K.05,101.8364958,71.55362961,88.7969158
TCGA.A2.A3XY.01A.11D.A23D.05,33.73626689,39.00054263,50.4632932
TCGA.E2.A14U.01A.11D.A22B.05,81.22391786,67.09533013,65.27190895
TCGA.OL.A66O.01A.11D.A31V.05,75.21305058,100.4576962,128.5090919
TCGA.BH.A0H7.01A.13D.A10P.05,38.73358983,57.0886694,56.10730246
TCGA.AO.A1KT.01A.11D.A13K.05,78.73829426,100.9474263,135.0535135
TCGA.A2.A0ST.01A.12D.A10P.05,56.09674325,68.67336553,55.11641086
TCGA.D8.A27F.01A.11D.A16G.05,61.83411917,44.74246615,45.12410113
TCGA.EW.A1P4.01A.21D.A145.05,58.05294247,62.57092415,50.98058997
TCGA.A7.A3IZ.01A.11D.A212.05,148.1286553,132.3897624,141.1266302
TCGA.E9.A1N3.01A.12D.A161.05,51.51465251,76.47878516,50.69271935
TCGA.A1.A0SI.01A.11D.A145.05,68.41127938,85.48649304,85.81159466
TCGA.AR.A250.01A.31D.A16A.05,81.93864322,91.15493181,128.0761716
TCGA.AN.A0XO.01A.11D.A10A.05,66.22423533,67.0160011,75.70260873
TCGA.E2.A15K.01A.11D.A12R.05,50.48429725,65.30536137,73.85761553
TCGA.EW.A1OY.01A.11D.A145.05,30.07866073,34.59769324,68.6457443
TCGA.E9.A22E.01A.11D.A161.05,34.85198759,48.7852508,50.71726026
TCGA.A2.A0YC.01A.11D.A10A.05,66.35930999,86.8521316,93.29836909
TCGA.BH.A0H3.01A.11D.A12R.05,62.7171262,69.40232531,79.82719171
TCGA.A2.A0T6.01A.11D.A10P.05,96.91885885,94.86635886,110.1098349
TCGA.A1.A0SQ.01A.21D.A145.05,62.45509774,87.11820023,78.92690292
TCGA.AO.A12E.01A.11D.A10N.05,90.20719997,106.8941416,137.0168146
TCGA.GM.A3XN.01A.12D.A230.05,55.68543873,62.03983907,47.79725859
TCGA.D8.A1XG.01A.11D.A14H.05,116.8809689,107.5144557,111.8143518
TCGA.AR.A24L.01A.11D.A16A.05,40.23183316,55.68535939,15.80650233
TCGA.A2.A0YD.01A.11D.A10A.05,91.69322999,90.11569966,92.23288525
TCGA.B6.A0RN.01A.12D.A10P.05,98.81578717,99.74351482,144.1365328
TCGA.AR.A1AJ.01A.21D.A12R.05,68.94799524,77.43789487,85.37578909
TCGA.BH.A1F0.01A.11D.A138.05,71.66739736,68.98878411,63.89133319
TCGA.E9.A1RE.01A.11D.A161.05,84.17123092,70.89004454,113.5538458
TCGA.EW.A1P3.01A.11D.A145.05,52.39814648,73.99260623,75.89270672
TCGA.BH.A0BT.01A.11D.A12R.05,65.51861361,52.85254069,81.31189842
TCGA.BH.A0E0.01A.11D.A10P.05,18.78845085,40.75254574,59.09433818
TCGA.E9.A244.01A.11D.A16A.05,77.04768786,47.99011378,103.2833001
TCGA.D8.A1JD.01A.11D.A13K.05,49.85025996,48.54284638,97.24902874
TCGA.OL.A5RV.01A.12D.A28C.05,58.7523452,63.56306462,62.35233143
TCGA.BH.A1FL.01A.11D.A13K.05,75.4209262,81.94113142,106.8541336
TCGA.BH.A0AZ.01A.21D.A12R.05,59.91567548,91.23967374,75.9335324
TCGA.AO.A0JC.01A.11D.A10P.05,59.06774967,61.98798082,49.69349328
TCGA.B6.A0X1.01A.11D.A10A.05,39.01155459,67.60335607,51.84633128
TCGA.E9.A22H.01A.11D.A161.05,67.96408292,59.45507989,51.19548924
TCGA.AO.A03L.01A.41D.A10P.05,74.9313071,81.26514444,81.2384337
TCGA.AC.A6NO.01A.12D.A33F.05,49.79437755,50.33442935,69.04595573
TCGA.EW.A2FS.01A.11D.A17F.05,54.84651163,65.84751944,75.79610873
TCGA.BH.A1FG.01A.11D.A13K.05,87.84984445,83.76869171,103.1685217
TCGA.LL.A7T0.01A.31D.A357.05,59.84112195,67.45589104,89.09961101
TCGA.V7.A7HQ.01A.11D.A33F.05,65.11032832,71.8613647,72.53794448
